사용월,호선명,역ID,지하철역,유임승차,유임하차,무임승차,무임하차
2023-01,1호선,150,서울역,"1,228,346","1,173,888","171,270","161,413"
2023-01,1호선,151,시청,"566,559","580,516","76,126","73,149"
2023-01,1호선,152,종각,"885,821","862,251","125,085","117,231"
2023-01,1호선,153,종로3가,"447,641","411,958","271,449","251,592"
2023-01,1호선,154,종로5가,"428,412","424,366","217,290","209,180"
2023-01,1호선,155,동대문,"210,265","198,163","104,059","102,142"
2023-01,1호선,156,신설동,"256,664","248,625","104,780","100,582"
2023-01,1호선,157,제기동,"221,450","215,567","266,914","289,322"
2023-01,1호선,158,청량리(서울시립대입구),"309,342","305,961","242,454","243,890"
2023-01,1호선,159,동묘앞,"118,696","125,235","129,707","132,735"
2023-01,2호선,201,시청,"585,786","558,820","49,461","45,261"
2023-01,2호선,202,을지로입구,"1,103,017","1,132,715","92,071","86,397"
2023-01,2호선,203,을지로3가,"549,488","555,415","70,676","69,456"
2023-01,2호선,204,을지로4가,"274,018","281,698","72,790","71,775"
2023-01,2호선,205,동대문역사문화공원(DDP),"305,501","349,119","47,632","51,389"
2023-01,2호선,206,신당,"296,738","312,727","83,785","85,100"
2023-01,2호선,207,상왕십리,"318,432","305,365","60,485","60,982"
2023-01,2호선,208,왕십리(성동구청),"379,698","338,425","46,265","40,303"
2023-01,2호선,209,한양대,"187,650","198,011","11,297","11,818"
2023-01,2호선,210,뚝섬,"535,807","572,051","50,135","50,808"
2023-01,2호선,211,성수,"937,726","1,024,575","93,876","95,163"
2023-01,2호선,212,건대입구,"936,471","1,011,543","80,990","84,397"
2023-01,2호선,213,구의(광진구청),"548,178","534,712","94,243","95,644"
2023-01,2호선,214,강변(동서울터미널),"789,594","748,549","101,350","97,511"
2023-01,2호선,215,잠실나루,"300,853","288,717","76,060","75,729"
2023-01,2호선,216,잠실(송파구청),"1,953,738","1,927,046","178,541","170,514"
2023-01,2호선,217,잠실새내,"504,396","506,535","99,417","98,845"
2023-01,2호선,218,종합운동장,"159,884","176,045","37,774","39,430"
2023-01,2호선,219,삼성(무역센터),"1,300,392","1,303,276","105,771","97,366"
2023-01,2호선,220,선릉,"1,235,356","1,092,153","187,583","164,282"
2023-01,2호선,221,역삼,"1,198,133","1,356,184","131,686","133,769"
2023-01,2호선,222,강남,"2,075,004","2,017,884","141,570","123,640"
2023-01,2호선,223,교대(법원.검찰청),"714,309","808,294","135,251","152,597"
2023-01,2호선,224,서초,"502,721","472,536","74,895","73,616"
2023-01,2호선,225,방배,"349,847","365,322","66,403","66,086"
2023-01,2호선,226,사당,"882,736","996,504","174,525","167,694"
2023-01,2호선,227,낙성대(강감찬),"645,257","620,515","94,897","95,584"
2023-01,2호선,228,서울대입구(관악구청),"1,107,910","1,091,693","160,667","153,152"
2023-01,2호선,229,봉천,"514,001","473,732","131,862","132,541"
2023-01,2호선,230,신림,"1,385,366","1,338,211","176,605","175,244"
2023-01,2호선,231,신대방,"579,885","555,518","109,609","111,808"
2023-01,2호선,232,구로디지털단지,"1,388,509","1,379,298","165,858","167,583"
2023-01,2호선,233,대림(구로구청),"544,821","557,846","113,689","117,364"
2023-01,2호선,234,신도림,"1,157,537","1,149,404","184,270","174,082"
2023-01,2호선,235,문래,"488,335","504,590","74,951","74,902"
2023-01,2호선,236,영등포구청,"478,179","493,349","87,977","87,715"
2023-01,2호선,237,당산,"417,737","485,977","50,411","55,616"
2023-01,2호선,238,합정,"830,337","909,139","60,806","60,791"
2023-01,2호선,239,홍대입구,"1,796,107","1,894,987","84,934","81,345"
2023-01,2호선,240,신촌,"877,238","895,999","108,231","105,765"
2023-01,2호선,241,이대,"327,818","350,968","42,408","44,365"
2023-01,2호선,242,아현,"219,601","205,442","58,652","57,642"
2023-01,2호선,243,충정로(경기대입구),"214,810","228,828","42,578","42,919"
2023-01,2호선,244,용답,"59,974","58,629","14,973","15,093"
2023-01,2호선,245,신답,"35,749","39,751","8,799","9,316"
2023-01,2호선,246,신설동,"71,075","71,336","27,699","29,726"
2023-01,2호선,247,도림천,"27,314","28,222","7,049","7,837"
2023-01,2호선,248,양천구청,"138,455","144,857","43,417","44,312"
2023-01,2호선,249,신정네거리,"213,140","219,865","62,871","65,091"
2023-01,2호선,250,용두(동대문구청),"44,381","43,181","21,372","22,298"
2023-01,3호선,309,지축,"132,458","127,892","26,440","25,514"
2023-01,3호선,310,구파발,"452,949","441,453","104,105","100,445"
2023-01,3호선,311,연신내,"716,907","687,002","223,042","216,229"
2023-01,3호선,312,불광,"307,536","328,524","122,508","135,163"
2023-01,3호선,313,녹번,"341,307","300,423","69,288","68,208"
2023-01,3호선,314,홍제,"341,173","321,125","125,796","124,281"
2023-01,3호선,315,무악재,"85,211","81,036","27,962","29,815"
2023-01,3호선,316,독립문,"129,390","133,205","57,849","57,708"
2023-01,3호선,317,경복궁(정부서울청사),"500,501","508,054","74,203","72,919"
2023-01,3호선,318,안국,"552,027","573,236","83,113","86,675"
2023-01,3호선,319,종로3가,"206,893","253,439","52,449","57,975"
2023-01,3호선,320,을지로3가,"241,101","248,071","46,009","43,592"
2023-01,3호선,321,충무로,31,0,2,0
2023-01,3호선,322,동대입구,"194,097","208,284","31,791","35,563"
2023-01,3호선,323,약수,"269,907","264,031","73,442","68,802"
2023-01,3호선,324,금호,"167,310","151,764","47,820","46,727"
2023-01,3호선,325,옥수,"184,617","191,824","51,510","52,271"
2023-01,3호선,326,압구정,"756,501","827,702","119,947","118,498"
2023-01,3호선,327,신사,"734,519","764,278","61,227","59,796"
2023-01,3호선,328,잠원,"97,529","94,409","26,574","25,514"
2023-01,3호선,329,고속터미널,"1,203,551","1,165,844","170,770","162,656"
2023-01,3호선,330,교대(법원.검찰청),"308,104","202,557","62,822","38,580"
2023-01,3호선,331,남부터미널(예술의전당),"718,979","726,606","106,570","106,824"
2023-01,3호선,332,양재(서초구청),"829,877","913,194","128,947","129,282"
2023-01,3호선,333,매봉,"260,266","251,223","56,767","52,856"
2023-01,3호선,334,도곡,"108,238","110,052","21,404","19,681"
2023-01,3호선,335,대치,"276,705","267,525","60,733","58,792"
2023-01,3호선,336,학여울,"41,762","42,835","13,573","13,416"
2023-01,3호선,337,대청,"209,106","197,938","53,520","51,487"
2023-01,3호선,338,일원,"212,661","203,404","59,696","59,278"
2023-01,3호선,339,수서,"395,384","400,340","98,928","96,997"
2023-01,3호선,340,가락시장,"173,656","171,117","70,482","69,200"
2023-01,3호선,341,경찰병원,"155,794","155,406","38,815","40,178"
2023-01,3호선,342,오금,"137,678","124,755","26,794","25,771"
2023-01,4호선,409,당고개,"180,665","156,778","64,805","63,922"
2023-01,4호선,410,상계,"398,124","365,675","105,354","103,448"
2023-01,4호선,411,노원,"432,972","504,043","81,829","80,839"
2023-01,4호선,412,창동,"496,599","528,390","182,871","187,953"
2023-01,4호선,413,쌍문,"629,762","572,818","150,720","148,435"
2023-01,4호선,414,수유(강북구청),"749,472","759,691","169,496","169,869"
2023-01,4호선,415,미아(서울사이버대학),"293,435","277,083","100,614","102,508"
2023-01,4호선,416,미아사거리,"563,364","551,470","161,319","160,460"
2023-01,4호선,417,길음,"443,709","427,440","104,295","105,039"
2023-01,4호선,418,성신여대입구(돈암),"465,000","452,038","76,053","73,743"
2023-01,4호선,419,한성대입구(삼선교),"279,566","270,625","63,941","63,034"
2023-01,4호선,420,혜화,"834,617","839,342","116,577","114,809"
2023-01,4호선,421,동대문,"354,229","373,941","119,403","117,187"
2023-01,4호선,422,동대문역사문화공원(DDP),"408,883","358,524","52,522","47,259"
2023-01,4호선,423,충무로,"557,608","586,968","101,469","102,937"
2023-01,4호선,424,명동,"627,182","669,245","60,917","62,228"
2023-01,4호선,425,회현(남대문시장),"480,748","504,065","145,966","145,510"
2023-01,4호선,426,서울역,"274,069","501,255","34,313","43,729"
2023-01,4호선,427,숙대입구(갈월),"304,793","297,155","48,224","44,871"
2023-01,4호선,428,삼각지,"135,996","158,263","21,541","22,232"
2023-01,4호선,429,신용산,"451,080","472,074","46,615","47,253"
2023-01,4호선,430,이촌(국립중앙박물관),"219,297","237,241","43,534","45,414"
2023-01,4호선,431,동작(현충원),"21,371","24,540","10,783","11,050"
2023-01,4호선,432,총신대입구(이수),"372,829","413,536","133,999","140,403"
2023-01,4호선,433,사당,"634,816","540,587","85,543","85,640"
2023-01,4호선,434,남태령,"28,366","23,191","7,245","6,756"
2023-01,경부선,1001,서울역,"254,560","74,191","12,036","2,710"
2023-01,경부선,1002,남영,"213,159","220,396","33,819","34,519"
2023-01,경부선,1003,용산,"1,093,126","1,084,721","114,280","112,197"
2023-01,경부선,1004,노량진,"202,264","211,463","39,758","38,403"
2023-01,경부선,1005,대방,"227,504","249,586","50,818","51,731"
2023-01,경부선,1006,영등포,"955,183","982,701","227,882","227,493"
2023-01,경부선,1007,신도림,"76,314","79,513","20,662","24,101"
2023-01,경부선,1032,신길,"195,365","163,854","38,590","35,941"
2023-01,경부선,1701,구로,"389,626","402,319","86,669","83,940"
2023-01,경부선,1702,가산디지털단지,"399,500","475,941","30,596","34,754"
2023-01,경부선,1703,금천구청,"230,210","229,791","69,548","70,807"
2023-01,경부선,1704,석수,"196,891","178,042","42,209","40,379"
2023-01,경부선,1705,관악,"150,859","142,482","47,231","45,644"
2023-01,경부선,1706,안양,"476,749","471,870","105,218","109,159"
2023-01,경부선,1707,명학,"186,342","182,047","37,274","36,512"
2023-01,경부선,1708,금정,"626,754","638,634","107,848","109,006"
2023-01,경부선,1709,군포,"161,998","157,019","31,338","30,832"
2023-01,경부선,1710,의왕,"192,826","190,622","36,917","36,644"
2023-01,경부선,1711,성균관대,"326,460","325,604","48,491","48,787"
2023-01,경부선,1712,화서,"176,264","169,287","37,061","36,466"
2023-01,경부선,1713,수원,"930,458","987,423","125,626","128,894"
2023-01,경부선,1714,독산,"400,500","410,265","59,456","60,799"
2023-01,경부선,1715,세류,"73,737","67,024","13,740","13,367"
2023-01,경부선,1716,병점,"332,657","331,517","58,809","58,610"
2023-01,경부선,1717,세마,"64,869","61,270","13,094","12,360"
2023-01,경부선,1718,오산대,"78,713","73,233","13,900","13,070"
2023-01,경부선,1719,오산,"241,457","241,596","41,682","42,479"
2023-01,경부선,1720,진위,"38,686","32,988","8,299","7,974"
2023-01,경부선,1721,송탄,"111,649","112,988","18,753","18,486"
2023-01,경부선,1722,서정리,"196,703","185,213","29,005","28,085"
2023-01,경부선,1723,평택지제,"112,813","109,037","11,218","10,914"
2023-01,경부선,1724,평택,"310,816","312,459","56,241","54,884"
2023-01,경부선,1725,성환,"81,440","80,536","17,035","16,780"
2023-01,경부선,1726,직산,"20,239","19,974","4,205","4,086"
2023-01,경부선,1727,두정,"145,293","148,750","21,122","21,321"
2023-01,경부선,1728,천안,"127,545","132,648","44,775","44,986"
2023-01,경부선,1729,당정,"131,410","124,397","25,525","24,389"
2023-01,경부선,1749,서동탄,"30,951","27,488","6,322","5,984"
2023-01,경부선,1750,광명,"97,037","79,194","8,533","8,031"
2023-01,경인선,1801,개봉,"443,733","427,766","136,091","140,853"
2023-01,경인선,1802,오류동,"229,355","209,495","80,549","78,992"
2023-01,경인선,1803,역곡,"567,699","559,904","133,959","138,435"
2023-01,경인선,1804,부천,"697,838","701,842","187,598","189,720"
2023-01,경인선,1805,송내,"590,484","580,199","105,004","103,963"
2023-01,경인선,1806,부평,"709,981","762,584","127,569","130,476"
2023-01,경인선,1807,백운,"127,859","123,066","49,017","49,213"
2023-01,경인선,1808,동암,"342,960","339,479","89,712","91,102"
2023-01,경인선,1809,주안,"426,601","385,110","79,668","71,618"
2023-01,경인선,1810,제물포,"211,230","199,516","55,705","55,563"
2023-01,경인선,1811,동인천,"273,551","260,302","102,032","98,956"
2023-01,경인선,1812,인천,"72,001","52,290","26,799","23,867"
2023-01,경인선,1813,구일,"125,059","123,903","37,082","36,811"
2023-01,경인선,1814,소사,"159,953","156,728","53,914","53,683"
2023-01,경인선,1815,부개,"171,518","156,164","58,135","56,894"
2023-01,경인선,1816,간석,"115,035","108,140","38,210","36,588"
2023-01,경인선,1817,도원,"51,788","50,615","25,955","27,121"
2023-01,경인선,1821,온수(성공회대입구),"125,029","116,859","43,340","41,632"
2023-01,경인선,1822,중동,"182,490","167,439","62,075","60,767"
2023-01,경인선,1823,도화,"74,065","66,312","34,345","33,102"
2023-01,경원선,1008,이촌(국립중앙박물관),"77,936","59,440","25,755","21,857"
2023-01,경원선,1009,서빙고,"41,129","39,140","15,090","14,208"
2023-01,경원선,1010,한남,"79,816","77,061","25,257","23,599"
2023-01,경원선,1011,옥수,"1,507","1,024",133,78
2023-01,경원선,1012,응봉,"34,359","28,327","14,740","13,068"
2023-01,경원선,1013,왕십리(성동구청),"362,604","396,358","59,624","62,983"
2023-01,경원선,1014,청량리(서울시립대입구),"348,807","346,245","129,399","134,229"
2023-01,경원선,1016,외대앞,"169,849","165,398","38,247","40,332"
2023-01,경원선,1017,신이문,"163,049","145,602","61,150","58,621"
2023-01,경원선,1018,석계,"156,624","177,624","52,945","57,206"
2023-01,경원선,1019,광운대,"151,512","145,888","46,901","46,873"
2023-01,경원선,1020,월계,"113,839","105,892","52,866","50,891"
2023-01,경원선,1021,녹천,"87,585","71,882","31,230","28,433"
2023-01,경원선,1022,창동,17,0,0,0
2023-01,경원선,1901,방학,"167,826","162,274","95,054","93,465"
2023-01,경원선,1902,도봉,"94,999","88,428","61,392","61,108"
2023-01,경원선,1903,도봉산,"115,343","61,371","87,247","66,069"
2023-01,경원선,1904,망월사,"136,012","136,827","60,680","62,123"
2023-01,경원선,1905,회룡,"205,782","202,063","123,119","122,588"
2023-01,경원선,1906,의정부,"428,594","443,655","99,622","101,582"
2023-01,경원선,1907,가능,"123,226","116,999","49,452","48,872"
2023-01,경원선,1908,녹양,"87,502","82,155","31,807","30,212"
2023-01,경원선,1909,양주,"151,032","141,373","45,867","43,876"
2023-01,경원선,1910,덕계,"69,318","60,818","20,077","19,019"
2023-01,경원선,1911,덕정,"115,692","109,023","29,193","29,426"
2023-01,경원선,1912,지행,"137,890","135,620","37,930","37,726"
2023-01,경원선,1913,동두천중앙,"52,473","50,770","29,249","29,118"
2023-01,경원선,1914,보산,"32,686","31,034","11,583","10,846"
2023-01,경원선,1915,동두천,"36,304","40,165","19,112","20,889"
2023-01,경원선,1916,소요산,"30,778","24,115","37,631","34,793"
2023-01,안산선,1751,산본,"342,643","374,738","89,937","91,390"
2023-01,안산선,1752,대야미,"105,477","92,827","25,935","24,347"
2023-01,안산선,1753,반월,"87,797","83,510","26,109","25,779"
2023-01,안산선,1754,상록수,"348,514","352,986","61,056","62,362"
2023-01,안산선,1755,한대앞,"199,628","200,223","37,023","38,321"
2023-01,안산선,1756,중앙,"450,935","475,787","53,437","51,841"
2023-01,안산선,1757,고잔,"203,167","193,033","31,397","29,903"
2023-01,안산선,1758,초지,"112,948","111,830","14,579","14,466"
2023-01,안산선,1759,안산,"314,971","292,103","33,472","31,627"
2023-01,안산선,1760,신길온천,"41,254","37,345","8,082","7,840"
2023-01,안산선,1761,정왕,"202,996","208,718","24,623","25,745"
2023-01,안산선,1762,오이도,"190,984","188,406","28,279","27,748"
2023-01,안산선,1763,수리산,"78,295","61,006","27,247","25,256"
2023-01,과천선,1450,선바위,"177,556","153,541","28,022","27,741"
2023-01,과천선,1451,경마공원,"78,040","79,469","52,474","52,464"
2023-01,과천선,1452,대공원,"50,893","52,819","26,592","27,833"
2023-01,과천선,1453,과천,"134,606","124,727","39,794","38,036"
2023-01,과천선,1454,정부과천청사,"232,703","240,384","46,117","46,158"
2023-01,과천선,1455,인덕원,"548,024","562,544","100,572","103,481"
2023-01,과천선,1456,평촌,"394,959","386,591","59,658","58,916"
2023-01,과천선,1457,범계,"621,955","622,915","96,616","94,855"
2023-01,분당선,1023,선릉,"295,286","452,333","39,408","52,233"
2023-01,분당선,1024,한티,"377,628","386,879","62,400","63,743"
2023-01,분당선,1025,도곡,"145,492","141,169","44,080","42,287"
2023-01,분당선,1026,구룡,"39,850","36,665","14,621","14,741"
2023-01,분당선,1027,개포동,"85,195","86,439","24,273","23,734"
2023-01,분당선,1028,대모산입구,"99,668","90,937","29,164","28,968"
2023-01,분당선,1030,수서,"333,962","343,557","59,523","61,655"
2023-01,분당선,1031,복정,19,0,1,0
2023-01,분당선,1846,수원,"204,586","173,452","28,516","25,121"
2023-01,분당선,1847,서울숲,"281,460","293,025","24,685","23,768"
2023-01,분당선,1848,압구정로데오,"500,928","564,594","42,695","41,101"
2023-01,분당선,1849,강남구청,"213,330","246,126","33,267","35,879"
2023-01,분당선,1850,선정릉,"167,658","176,508","27,698","27,465"
2023-01,분당선,1851,가천대,"158,022","174,329","24,867","25,785"
2023-01,분당선,1852,태평,"288,005","267,720","83,949","88,558"
2023-01,분당선,1853,모란,"402,733","404,768","152,610","166,460"
2023-01,분당선,1854,야탑,"560,302","590,445","139,692","139,550"
2023-01,분당선,1855,서현,"586,536","599,689","112,376","107,790"
2023-01,분당선,1856,수내,"311,768","307,360","68,793","67,115"
2023-01,분당선,1857,정자,"437,861","459,377","63,633","64,176"
2023-01,분당선,1858,미금,"317,496","334,822","93,760","99,333"
2023-01,분당선,1859,오리,"240,879","196,597","65,206","56,519"
2023-01,분당선,1860,이매,"115,369","112,796","35,276","34,949"
2023-01,분당선,1861,보정,"50,561","44,836","18,071","17,183"
2023-01,분당선,1862,죽전,"291,373","325,082","60,886","65,310"
2023-01,분당선,1863,구성,"102,416","108,160","31,549","32,223"
2023-01,분당선,1864,신갈,"99,136","96,098","25,487","25,535"
2023-01,분당선,1865,기흥,"232,613","215,808","37,541","36,936"
2023-01,분당선,1866,상갈,"118,002","112,758","27,904","27,185"
2023-01,분당선,1867,청명,"96,462","92,477","17,771","17,803"
2023-01,분당선,1868,영통,"205,599","206,178","28,001","27,946"
2023-01,분당선,1869,망포,"363,360","348,744","34,826","33,462"
2023-01,분당선,1870,매탄권선,"119,476","113,696","18,518","17,740"
2023-01,분당선,1871,수원시청,"317,006","349,480","38,783","39,500"
2023-01,분당선,1872,매교,"94,716","93,073","19,654","19,894"
2023-01,일산선,1948,원흥,"243,130","229,436","53,568","51,306"
2023-01,일산선,1949,지축,8,0,0,0
2023-01,일산선,1950,삼송,"442,781","422,148","86,857","87,803"
2023-01,일산선,1951,원당,"219,980","205,767","67,429","66,635"
2023-01,일산선,1952,화정,"347,304","357,817","100,040","102,302"
2023-01,일산선,1953,대곡,"43,617","32,973","8,478","7,513"
2023-01,일산선,1954,백석,"198,689","200,096","61,461","60,602"
2023-01,일산선,1955,마두,"137,473","139,401","57,780","59,263"
2023-01,일산선,1956,정발산,"151,458","159,987","43,338","40,684"
2023-01,일산선,1957,주엽,"167,082","163,518","73,546","75,980"
2023-01,일산선,1958,대화,"267,026","206,022","66,091","60,812"
2023-01,중앙선,1015,회기,"545,030","523,665","108,378","105,356"
2023-01,중앙선,1201,중랑,"107,464","101,389","43,348","42,883"
2023-01,중앙선,1202,상봉(시외버스터미널),"120,902","120,164","35,672","34,745"
2023-01,중앙선,1203,망우,"144,794","138,230","61,056","62,805"
2023-01,중앙선,1204,양원,"55,534","52,931","18,089","17,718"
2023-01,중앙선,1205,구리,"282,355","288,245","70,136","71,021"
2023-01,중앙선,1206,도농,"231,508","210,895","57,658","55,791"
2023-01,중앙선,1207,양정,"10,438","8,691","4,813","4,138"
2023-01,중앙선,1208,덕소,"107,019","105,375","38,855","38,472"
2023-01,중앙선,1209,도심,"44,722","33,068","15,460","14,190"
2023-01,중앙선,1210,팔당,"17,036","18,203","6,576","6,490"
2023-01,중앙선,1211,운길산,"10,715","9,913","6,399","6,471"
2023-01,중앙선,1212,양수,"31,411","30,711","16,678","16,758"
2023-01,중앙선,1213,신원,"2,325","2,223","2,198","1,872"
2023-01,중앙선,1214,국수,"11,135","11,010","7,597","7,687"
2023-01,중앙선,1215,아신,"9,366","9,250","4,876","4,687"
2023-01,중앙선,1216,오빈,"4,394","4,248","3,257","3,243"
2023-01,중앙선,1217,양평,"54,662","54,856","25,120","25,617"
2023-01,중앙선,1218,원덕,"5,212","4,636","4,519","4,236"
2023-01,중앙선,1219,용문,"28,309","29,018","24,759","24,812"
2023-01,중앙선,1220,지평,725,809,758,704
2023-01,장항선,1401,봉명,"23,983","23,764","9,140","8,855"
2023-01,장항선,1402,쌍용(나사렛대),"44,826","42,660","11,558","11,043"
2023-01,장항선,1403,아산,"91,082","79,453","10,674","9,706"
2023-01,장항선,1404,탕정,"26,603","24,042","4,749","4,507"
2023-01,장항선,1405,배방,"26,333","25,635","6,128","5,991"
2023-01,장항선,1407,온양온천,"77,942","79,449","48,861","49,386"
2023-01,장항선,1408,신창(순천향대),"26,104","26,015","6,170","5,662"
2023-01,경의선,1252,신촌,"18,025","24,063","2,820","3,366"
2023-01,경의선,1261,효창공원앞,"64,216","74,204","12,824","14,243"
2023-01,경의선,1263,서강대,"46,647","46,376","9,865","9,103"
2023-01,경의선,1265,가좌,"113,394","106,223","37,293","37,738"
2023-01,경의선,1267,수색,"53,838","57,591","12,868","12,784"
2023-01,경의선,1268,화전,"36,129","33,368","6,896","6,567"
2023-01,경의선,1269,강매,"68,041","57,836","15,414","14,633"
2023-01,경의선,1270,행신,"188,564","185,486","29,826","30,242"
2023-01,경의선,1271,능곡,"75,336","66,564","24,599","24,011"
2023-01,경의선,1272,곡산,"10,875","11,009","3,722","3,813"
2023-01,경의선,1273,백마,"149,646","140,949","32,085","32,007"
2023-01,경의선,1274,풍산,"121,058","112,381","31,487","30,568"
2023-01,경의선,1275,일산,"192,103","185,676","51,821","52,001"
2023-01,경의선,1276,탄현,"174,742","164,316","33,421","32,765"
2023-01,경의선,1277,야당,"189,043","192,835","33,186","32,434"
2023-01,경의선,1278,운정,"147,548","133,599","34,212","33,663"
2023-01,경의선,1279,금릉,"113,774","107,475","24,769","24,451"
2023-01,경의선,1280,금촌,"139,195","135,361","38,322","39,123"
2023-01,경의선,1282,월롱,"57,429","50,622","7,226","7,425"
2023-01,경의선,1283,파주,"23,352","17,269","5,917","4,784"
2023-01,경의선,1284,문산,"107,529","107,019","34,313","34,418"
2023-01,경의선,1285,임진강,317,195,196,162
2023-01,경의선,1286,운천,73,55,104,104
2023-01,경의선,1291,서울역,"93,069","115,620","12,995","16,038"
2023-01,경의선,1292,공덕,"92,119","74,293","12,837","11,965"
2023-01,경의선,1293,홍대입구,"50,584","64,759","4,703","5,221"
2023-01,경의선,1294,디지털미디어시티,"64,188","56,287","10,716","10,564"
2023-01,경의선,1296,계양,6,0,0,0
2023-01,경의선,1297,검암,2,0,0,0
2023-01,경춘선,1311,신내,"39,566","37,064","14,955","14,447"
2023-01,경춘선,1312,갈매,"59,356","49,915","17,497","16,253"
2023-01,경춘선,1313,별내,"62,614","58,789","18,420","17,435"
2023-01,경춘선,1314,퇴계원,"67,358","60,881","24,677","23,762"
2023-01,경춘선,1315,사릉,"44,460","42,984","14,428","14,444"
2023-01,경춘선,1316,금곡,"24,538","23,343","13,709","13,359"
2023-01,경춘선,1317,평내호평,"121,343","118,734","39,449","37,840"
2023-01,경춘선,1318,천마산,"26,761","23,596","15,755","15,780"
2023-01,경춘선,1319,마석,"71,955","69,904","28,862","28,736"
2023-01,경춘선,1320,대성리,"12,396","11,320","4,262","3,882"
2023-01,경춘선,1321,청평,"33,216","30,810","13,804","13,781"
2023-01,경춘선,1322,상천,"3,452","3,001","2,982","2,746"
2023-01,경춘선,1323,가평,"38,550","38,409","11,584","11,401"
2023-01,경춘선,1324,굴봉산,"2,419","3,321","1,265","1,140"
2023-01,경춘선,1325,백양리,"10,808","8,520","1,056",999
2023-01,경춘선,1326,강촌,"7,808","7,387","3,262","3,263"
2023-01,경춘선,1327,김유정,"6,433","6,366","2,616","2,593"
2023-01,경춘선,1328,남춘천,"53,713","55,605","20,471","20,774"
2023-01,경춘선,1329,춘천,"25,930","23,217","12,452","10,990"
2023-01,수인선,1873,고색,"107,312","99,495","15,386","14,184"
2023-01,수인선,1874,오목천,"72,846","65,916","12,561","12,471"
2023-01,수인선,1875,어천,"21,731","20,525","4,989","5,251"
2023-01,수인선,1876,야목,"7,029","5,489","1,864","1,573"
2023-01,수인선,1877,사리,"114,830","95,620","16,583","15,336"
2023-01,수인선,1878,달월,"1,583","1,317","1,004",552
2023-01,수인선,1879,월곶,"56,770","51,700","13,902","13,741"
2023-01,수인선,1880,소래포구,"94,361","87,729","38,601","37,596"
2023-01,수인선,1881,인천논현,"115,650","123,388","29,232","29,796"
2023-01,수인선,1882,호구포,"86,466","89,702","19,395","19,276"
2023-01,수인선,1883,남동인더스파크,"47,548","53,567","6,357","6,490"
2023-01,수인선,1884,원인재,"89,082","91,330","27,886","28,188"
2023-01,수인선,1885,연수,"97,851","97,056","25,971","25,924"
2023-01,수인선,1886,송도,"46,016","41,896","19,493","19,080"
2023-01,수인선,1888,인하대,"128,137","121,332","24,119","23,019"
2023-01,수인선,1889,숭의,"79,901","72,619","25,018","23,883"
2023-01,수인선,1890,신포,"33,897","35,210","11,998","12,068"
2023-01,수인선,1891,인천,"18,260","31,981","11,072","13,795"
2023-01,경강선,1501,판교,"131,175","132,883","15,721","13,495"
2023-01,경강선,1502,이매,"24,911","20,373","6,168","5,721"
2023-01,경강선,1503,삼동,"52,922","47,972","11,179","11,492"
2023-01,경강선,1504,경기광주,"188,733","171,484","28,951","28,215"
2023-01,경강선,1505,초월,"73,996","69,625","13,347","13,135"
2023-01,경강선,1506,곤지암,"57,066","53,794","11,787","11,564"
2023-01,경강선,1507,신둔도예촌,"34,317","32,633","7,187","7,033"
2023-01,경강선,1508,이천,"68,802","70,501","12,224","12,782"
2023-01,경강선,1509,부발,"54,229","51,680","8,000","7,746"
2023-01,경강선,1510,세종대왕릉,"7,066","6,925","2,891","2,850"
2023-01,경강선,1511,여주,"53,274","52,404","13,885","13,605"
2023-01,5호선,2511,방화,"134,562","127,944","45,579","44,401"
2023-01,5호선,2512,개화산,"115,928","110,358","34,074","33,595"
2023-01,5호선,2513,김포공항,"190,177","182,137","32,614","34,990"
2023-01,5호선,2514,송정,"131,268","123,132","42,920","41,434"
2023-01,5호선,2515,마곡,"241,207","244,884","37,242","36,418"
2023-01,5호선,2516,발산,"471,640","500,618","85,592","82,333"
2023-01,5호선,2517,우장산,"295,832","289,169","82,419","85,434"
2023-01,5호선,2518,화곡,"632,332","588,030","130,384","125,184"
2023-01,5호선,2519,까치산,"632,676","601,621","142,488","143,820"
2023-01,5호선,2520,신정(은행정),"303,478","242,716","57,523","54,731"
2023-01,5호선,2521,목동,"361,900","395,275","71,583","73,864"
2023-01,5호선,2522,오목교(목동운동장앞),"502,896","536,438","76,540","75,576"
2023-01,5호선,2523,양평,"165,575","161,509","25,947","25,669"
2023-01,5호선,2524,영등포구청,"87,930","87,822","18,605","17,923"
2023-01,5호선,2525,영등포시장,"221,999","228,130","67,435","68,165"
2023-01,5호선,2526,신길,"102,872","109,210","10,289","10,564"
2023-01,5호선,2527,여의도,"696,238","724,841","48,937","46,819"
2023-01,5호선,2528,여의나루,"241,432","289,001","23,700","22,860"
2023-01,5호선,2529,마포,"318,461","327,362","54,593","54,214"
2023-01,5호선,2530,공덕,"322,727","343,127","40,940","39,048"
2023-01,5호선,2531,애오개,"140,475","140,895","34,111","32,963"
2023-01,5호선,2532,충정로(경기대입구),"102,239","103,632","12,486","12,919"
2023-01,5호선,2533,서대문,"420,180","429,360","61,017","57,294"
2023-01,5호선,2534,광화문(세종문화회관),"762,655","787,521","72,940","70,456"
2023-01,5호선,2535,종로3가,"309,595","290,958","85,352","89,201"
2023-01,5호선,2536,을지로4가,"122,152","129,671","38,949","37,950"
2023-01,5호선,2537,동대문역사문화공원(DDP),"73,256","84,917","7,832","8,715"
2023-01,5호선,2538,청구,"79,030","76,667","22,686","17,950"
2023-01,5호선,2539,신금호,"130,750","134,217","34,164","38,341"
2023-01,5호선,2540,행당,"169,682","151,073","45,178","41,096"
2023-01,5호선,2541,왕십리(성동구청),"99,604","120,452","21,276","21,537"
2023-01,5호선,2542,마장,"117,619","110,036","39,783","38,913"
2023-01,5호선,2543,답십리,"350,178","316,809","73,854","70,980"
2023-01,5호선,2544,장한평,"403,509","399,784","81,943","83,573"
2023-01,5호선,2545,군자(능동),"268,023","299,634","37,717","39,174"
2023-01,5호선,2546,아차산(어린이대공원후문),"302,817","295,440","87,290","84,976"
2023-01,5호선,2547,광나루(장신대),"297,404","272,494","62,739","61,207"
2023-01,5호선,2548,천호(풍납토성),"397,095","387,105","118,883","119,477"
2023-01,5호선,2549,강동,"392,747","374,852","96,426","93,769"
2023-01,5호선,2550,길동,"151,176","158,116","65,356","67,187"
2023-01,5호선,2551,굽은다리(강동구민회관앞),"194,384","188,285","66,402","61,364"
2023-01,5호선,2552,명일,"170,938","175,191","61,384","64,205"
2023-01,5호선,2553,고덕,"189,004","189,169","62,747","62,487"
2023-01,5호선,2554,상일동,"301,508","284,328","79,275","77,042"
2023-01,5호선,2555,둔촌동,"171,457","173,578","56,630","57,124"
2023-01,5호선,2556,올림픽공원(한국체대),"87,697","76,361","30,798","28,108"
2023-01,5호선,2557,방이,"154,154","156,369","42,229","41,923"
2023-01,5호선,2558,오금,"72,669","72,728","18,089","17,700"
2023-01,5호선,2559,개롱,"121,212","128,801","42,255","43,748"
2023-01,5호선,2560,거여,"206,356","196,367","56,397","55,261"
2023-01,5호선,2561,마천,"142,570","136,183","50,818","52,362"
2023-01,5호선,2562,강일,"102,808","93,176","33,660","32,015"
2023-01,5호선,2563,미사,"387,651","394,122","70,210","70,588"
2023-01,5호선,2564,하남풍산,"90,415","90,105","26,161","26,092"
2023-01,5호선,2565,하남시청(덕풍·신장),"141,477","135,228","60,205","61,143"
2023-01,5호선,2566,하남검단산,"131,383","124,177","43,743","43,308"
2023-01,6호선,2611,응암,"365,653","363,785","104,124","103,672"
2023-01,6호선,2612,역촌,"72,433","89,255","27,763","27,225"
2023-01,6호선,2613,불광,"85,901","85,420","36,097","29,131"
2023-01,6호선,2614,독바위,"55,262","55,031","17,256","20,861"
2023-01,6호선,2615,연신내,20,0,1,0
2023-01,6호선,2616,구산,"160,266","109,382","44,636","46,876"
2023-01,6호선,2617,새절(신사),"256,917","234,447","75,745","75,696"
2023-01,6호선,2618,증산(명지대앞),"203,525","199,192","62,479","63,102"
2023-01,6호선,2619,디지털미디어시티,"317,888","354,954","50,558","52,343"
2023-01,6호선,2620,월드컵경기장(성산),"73,469","79,949","41,653","40,267"
2023-01,6호선,2621,마포구청,"305,775","275,809","68,835","62,255"
2023-01,6호선,2622,망원,"329,886","355,536","71,428","75,419"
2023-01,6호선,2623,합정,"342,980","337,216","34,919","32,520"
2023-01,6호선,2624,상수,"244,939","284,113","18,677","18,983"
2023-01,6호선,2625,광흥창(서강),"192,456","186,853","43,769","43,328"
2023-01,6호선,2626,대흥(서강대앞),"175,272","183,569","40,093","39,950"
2023-01,6호선,2627,공덕,"413,055","405,797","67,259","62,906"
2023-01,6호선,2628,효창공원앞,"152,870","136,243","32,655","30,592"
2023-01,6호선,2629,삼각지,"169,062","151,319","17,130","14,574"
2023-01,6호선,2630,녹사평(용산구청),"111,202","112,686","15,979","15,236"
2023-01,6호선,2631,이태원,"253,576","259,128","27,846","28,789"
2023-01,6호선,2632,한강진,"227,022","259,668","13,964","14,051"
2023-01,6호선,2633,버티고개,"43,647","42,880","12,113","14,384"
2023-01,6호선,2634,약수,"74,908","76,448","19,674","19,198"
2023-01,6호선,2635,청구,"80,078","77,446","17,304","20,382"
2023-01,6호선,2636,신당,"179,175","185,659","33,607","32,834"
2023-01,6호선,2637,동묘앞,"157,609","163,392","59,391","54,886"
2023-01,6호선,2638,창신,"72,677","58,781","17,408","16,356"
2023-01,6호선,2639,보문,"174,424","158,088","26,615","25,264"
2023-01,6호선,2640,안암(고대병원앞),"239,966","241,606","32,437","31,708"
2023-01,6호선,2641,고려대(종암),"182,855","175,799","29,842","29,268"
2023-01,6호선,2642,월곡(동덕여대),"240,269","234,196","61,391","60,692"
2023-01,6호선,2643,상월곡(한국과학기술연구원),"128,831","113,153","35,705","34,453"
2023-01,6호선,2644,돌곶이,"203,083","185,973","55,110","54,887"
2023-01,6호선,2645,석계,"252,085","262,838","69,544","69,106"
2023-01,6호선,2646,태릉입구,"121,789","133,133","27,120","27,137"
2023-01,6호선,2647,화랑대(서울여대입구),"251,166","190,994","41,717","37,271"
2023-01,6호선,2648,봉화산(서울의료원),"187,945","177,310","43,223","42,643"
2023-01,6호선,2649,신내,4,0,0,0
2023-01,7호선,2711,장암,"52,049","19,642","7,937","5,466"
2023-01,7호선,2712,도봉산,"188,861","211,804","37,764","56,431"
2023-01,7호선,2713,수락산,"252,230","246,193","83,321","84,415"
2023-01,7호선,2714,마들,"269,141","249,591","77,512","76,359"
2023-01,7호선,2715,노원,"435,380","459,942","111,955","112,493"
2023-01,7호선,2716,중계,"294,550","263,114","78,191","75,763"
2023-01,7호선,2717,하계,"374,747","348,282","95,866","93,178"
2023-01,7호선,2718,공릉(서울과학기술대),"245,631","244,464","62,235","62,915"
2023-01,7호선,2719,태릉입구,"191,231","179,462","39,149","36,307"
2023-01,7호선,2720,먹골,"215,242","209,232","59,090","60,422"
2023-01,7호선,2721,중화,"228,748","219,811","56,702","57,090"
2023-01,7호선,2722,상봉(시외버스터미널),"394,916","380,050","65,485","63,162"
2023-01,7호선,2723,면목,"313,782","298,629","85,635","88,394"
2023-01,7호선,2724,사가정,"342,711","341,608","87,828","88,384"
2023-01,7호선,2725,용마산(용마폭포공원),"124,996","118,166","31,954","34,376"
2023-01,7호선,2726,중곡,"226,585","210,945","56,226","56,865"
2023-01,7호선,2727,군자(능동),"336,800","259,452","70,508","61,775"
2023-01,7호선,2728,어린이대공원(세종대),"307,676","302,521","36,399","35,757"
2023-01,7호선,2729,건대입구,"302,223","330,321","51,819","47,944"
2023-01,7호선,2730,뚝섬유원지,"179,288","175,261","38,090","37,619"
2023-01,7호선,2731,청담,"427,342","486,619","68,879","66,464"
2023-01,7호선,2732,강남구청,"382,243","422,652","45,654","46,097"
2023-01,7호선,2733,학동,"551,748","586,269","56,019","53,728"
2023-01,7호선,2734,논현,"434,819","457,473","38,857","38,461"
2023-01,7호선,2735,반포,"128,570","124,380","31,886","30,594"
2023-01,7호선,2736,고속터미널,"441,669","332,871","65,915","57,830"
2023-01,7호선,2737,내방,"312,648","321,809","62,965","60,947"
2023-01,7호선,2738,이수,"363,013","347,948","67,756","64,396"
2023-01,7호선,2739,남성,"233,954","213,847","64,293","63,461"
2023-01,7호선,2740,숭실대입구(살피재),"256,929","259,451","55,973","57,627"
2023-01,7호선,2741,상도,"238,272","230,528","55,371","53,034"
2023-01,7호선,2742,장승배기,"183,108","176,985","60,725","61,020"
2023-01,7호선,2743,신대방삼거리,"319,667","300,511","79,148","81,532"
2023-01,7호선,2744,보라매,"158,491","161,699","29,793","31,072"
2023-01,7호선,2745,신풍,"239,761","222,023","64,614","64,258"
2023-01,7호선,2746,대림(구로구청),"217,075","220,360","35,955","34,955"
2023-01,7호선,2747,남구로,"350,865","369,263","55,872","56,162"
2023-01,7호선,2748,가산디지털단지,"1,014,235","1,004,312","81,898","75,872"
2023-01,7호선,2749,철산,"477,371","489,051","91,818","90,897"
2023-01,7호선,2750,광명사거리,"442,497","431,561","137,931","143,564"
2023-01,7호선,2751,천왕,"249,260","232,736","51,135","51,285"
2023-01,7호선,2752,온수(성공회대입구),"213,262","195,690","36,067","34,547"
2023-01,8호선,2811,암사,"409,394","355,244","93,902","93,277"
2023-01,8호선,2812,천호(풍납토성),"327,552","392,436","74,622","72,482"
2023-01,8호선,2813,강동구청,"218,742","225,814","59,670","59,965"
2023-01,8호선,2814,몽촌토성(평화의문),"142,184","146,414","28,381","28,013"
2023-01,8호선,2815,잠실(송파구청),"382,291","454,638","67,901","65,851"
2023-01,8호선,2816,석촌,"166,895","197,323","44,935","47,423"
2023-01,8호선,2817,송파,"183,956","180,438","55,446","55,151"
2023-01,8호선,2818,가락시장,"153,273","175,634","58,982","60,906"
2023-01,8호선,2819,문정,"478,254","501,532","54,126","53,699"
2023-01,8호선,2820,장지,"391,098","372,377","71,388","67,243"
2023-01,8호선,2821,복정,"202,902","171,234","33,297","30,002"
2023-01,8호선,2822,산성,"110,632","107,050","28,150","30,545"
2023-01,8호선,2823,남한산성입구(성남법원.검찰청),"278,883","246,495","70,270","67,213"
2023-01,8호선,2824,단대오거리,"244,398","238,358","67,623","66,004"
2023-01,8호선,2825,신흥,"101,998","106,943","38,325","40,092"
2023-01,8호선,2826,수진,"104,478","92,507","41,882","41,650"
2023-01,8호선,2827,모란,"80,952","68,608","50,282","37,870"
2023-01,8호선,2828,남위례,"134,604","139,821","25,333","25,619"
2023-01,9호선,4101,개화,"57,693","37,320","9,932","7,694"
2023-01,9호선,4102,김포공항,"196,610","290,858","17,569","21,839"
2023-01,9호선,4103,공항시장,"58,722","64,035","20,617","22,646"
2023-01,9호선,4104,신방화,"142,231","138,517","41,918","42,100"
2023-01,9호선,4105,마곡나루(서울식물원),"309,375","304,068","28,700","27,761"
2023-01,9호선,4106,양천향교,"210,770","218,002","40,322","40,237"
2023-01,9호선,4107,가양,"457,184","446,934","118,688","116,440"
2023-01,9호선,4108,증미,"154,898","145,822","31,016","30,931"
2023-01,9호선,4109,등촌,"232,934","222,206","72,163","72,588"
2023-01,9호선,4110,염창,"407,298","391,917","65,725","64,829"
2023-01,9호선,4111,신목동,"90,487","77,667","19,623","18,627"
2023-01,9호선,4112,선유도,"196,171","184,578","26,018","25,363"
2023-01,9호선,4113,당산,"452,790","454,045","59,634","54,770"
2023-01,9호선,4114,국회의사당,"362,449","377,378","52,432","46,322"
2023-01,9호선,4115,여의도,"703,952","664,647","45,419","41,344"
2023-01,9호선,4116,샛강,"138,069","138,067","24,362","24,715"
2023-01,9호선,4117,노량진,"637,013","624,793","80,400","80,243"
2023-01,9호선,4118,노들,"94,730","76,997","29,357","26,941"
2023-01,9호선,4119,흑석(중앙대입구),"163,383","170,808","48,933","49,700"
2023-01,9호선,4120,동작(현충원),"39,009","31,556","10,500","9,463"
2023-01,9호선,4121,구반포,"19,242","20,110","8,059","8,153"
2023-01,9호선,4122,신반포,"74,557","73,501","19,942","19,953"
2023-01,9호선,4123,고속터미널,"336,686","474,976","53,907","61,644"
2023-01,9호선,4124,사평,"79,413","77,190","19,517","19,753"
2023-01,9호선,4125,신논현,"800,307","791,475","47,640","45,843"
2023-01,공항철도 1호선,4201,서울역,"303,007","268,367","29,043","25,369"
2023-01,공항철도 1호선,4202,공덕,"63,790","87,082","7,221","8,956"
2023-01,공항철도 1호선,4203,홍대입구,"354,648","358,941","16,525","15,278"
2023-01,공항철도 1호선,4204,디지털미디어시티,"338,019","314,446","23,865","22,745"
2023-01,공항철도 1호선,4206,마곡나루(서울식물원),"247,108","237,359","13,239","13,957"
2023-01,공항철도 1호선,4207,김포공항,"300,405","169,664","21,322","14,065"
2023-01,공항철도 1호선,4208,계양,"297,241","273,531","28,681","27,091"
2023-01,공항철도 1호선,4209,검암,"161,977","158,713","14,398","14,063"
2023-01,공항철도 1호선,4210,청라국제도시,"172,948","164,099","11,510","11,362"
2023-01,공항철도 1호선,4211,운서,"214,757","225,806","25,639","25,876"
2023-01,공항철도 1호선,4212,공항화물청사,"53,919","57,242","8,637","8,254"
2023-01,공항철도 1호선,4213,인천공항1터미널,"316,087","305,609","22,724","21,281"
2023-01,공항철도 1호선,4215,인천공항2터미널,"116,249","104,723","10,805","9,669"
2023-01,공항철도 1호선,4217,영종,"85,599","86,150","17,722","17,596"
2023-01,9호선2~3단계,4126,언주,"259,113","263,592","26,280","25,858"
2023-01,9호선2~3단계,4127,선정릉,"228,011","251,580","23,659","24,368"
2023-01,9호선2~3단계,4128,삼성중앙,"171,179","178,525","24,063","23,455"
2023-01,9호선2~3단계,4129,봉은사,"456,198","472,477","48,825","46,736"
2023-01,9호선2~3단계,4130,종합운동장,"105,500","104,805","17,891","16,664"
2023-01,9호선2~3단계,4131,삼전,"164,923","156,371","33,366","32,687"
2023-01,9호선2~3단계,4132,석촌고분,"145,573","142,287","34,214","34,230"
2023-01,9호선2~3단계,4133,석촌,"210,088","186,234","32,865","29,063"
2023-01,9호선2~3단계,4134,송파나루,"126,227","134,602","25,622","26,714"
2023-01,9호선2~3단계,4135,한성백제,"60,016","53,443","14,720","12,832"
2023-01,9호선2~3단계,4136,올림픽공원(한국체대),"181,742","182,401","23,278","23,562"
2023-01,9호선2~3단계,4137,둔촌오륜,"19,908","20,009","5,563","5,916"
2023-01,9호선2~3단계,4138,중앙보훈병원,"220,209","187,363","69,377","67,927"
2023-01,우이신설선,4701,북한산우이,"48,001","40,620","29,228","30,259"
2023-01,우이신설선,4702,솔밭공원,"41,974","36,746","25,537","26,638"
2023-01,우이신설선,4703,4.19민주묘지,"46,988","44,105","30,977","28,167"
2023-01,우이신설선,4704,가오리,"69,002","65,858","43,367","44,376"
2023-01,우이신설선,4705,화계,"54,752","48,573","38,395","38,574"
2023-01,우이신설선,4706,삼양,"30,323","29,857","23,927","26,344"
2023-01,우이신설선,4707,삼양사거리,"35,688","35,129","31,075","31,607"
2023-01,우이신설선,4708,솔샘,"121,229","109,379","35,540","36,741"
2023-01,우이신설선,4709,북한산보국문,"126,859","115,785","38,915","39,309"
2023-01,우이신설선,4710,정릉,"83,679","75,766","41,206","39,404"
2023-01,우이신설선,4711,성신여대입구(돈암),"66,999","80,392","26,625","25,736"
2023-01,우이신설선,4712,보문,"27,428","27,832","13,742","13,671"
2023-01,우이신설선,4713,신설동,"31,614","32,449","25,971","22,938"
2023-01,신림선,4401,샛강,"53,664","67,797","10,714","10,202"
2023-01,신림선,4402,대방,"54,096","42,575","12,753","11,031"
2023-01,신림선,4403,서울지방병무청,"51,254","55,374","19,244","20,980"
2023-01,신림선,4404,보라매,"73,613","67,706","18,415","15,677"
2023-01,신림선,4405,보라매공원,"36,659","40,137","12,031","13,227"
2023-01,신림선,4406,보라매병원,"131,005","139,113","39,173","39,206"
2023-01,신림선,4407,당곡,"86,143","85,099","29,365","29,154"
2023-01,신림선,4408,신림,"31,215","45,860","11,933","13,249"
2023-01,신림선,4409,서원,"71,495","58,048","18,806","18,742"
2023-01,신림선,4410,서울대벤처타운,"174,969","162,382","50,009","51,331"
2023-01,신림선,4411,관악산(서울대),"42,001","41,065","21,984","22,305"
